{
  "Delete User" : {
    "transaction" : "Delete User",
    "sampleCount" : 30,
    "errorCount" : 0,
    "errorPct" : 0.0,
    "meanResTime" : 215.66666666666669,
    "medianResTime" : 216.5,
    "minResTime" : 202.0,
    "maxResTime" : 228.0,
    "pct1ResTime" : 223.0,
    "pct2ResTime" : 226.9,
    "pct3ResTime" : 228.0,
    "throughput" : 0.5180541884681137,
    "receivedKBytesPerSec" : 0.15713635833808218,
    "sentKBytesPerSec" : 0.07902350023312439
  },
  "Total" : {
    "transaction" : "Total",
    "sampleCount" : 90,
    "errorCount" : 0,
    "errorPct" : 0.0,
    "meanResTime" : 446.2888888888888,
    "medianResTime" : 220.0,
    "minResTime" : 197.0,
    "maxResTime" : 1292.0,
    "pct1ResTime" : 898.0,
    "pct2ResTime" : 927.5,
    "pct3ResTime" : 1292.0,
    "throughput" : 1.5169902912621358,
    "receivedKBytesPerSec" : 0.6939045433859223,
    "sentKBytesPerSec" : 0.23031389057443363
  },
  "Get User by ID" : {
    "transaction" : "Get User by ID",
    "sampleCount" : 30,
    "errorCount" : 0,
    "errorPct" : 0.0,
    "meanResTime" : 216.06666666666663,
    "medianResTime" : 217.0,
    "minResTime" : 197.0,
    "maxResTime" : 229.0,
    "pct1ResTime" : 222.9,
    "pct2ResTime" : 225.7,
    "pct3ResTime" : 229.0,
    "throughput" : 0.5179647438664341,
    "receivedKBytesPerSec" : 0.1571092279735493,
    "sentKBytesPerSec" : 0.07900985643743849
  },
  "Get Users" : {
    "transaction" : "Get Users",
    "sampleCount" : 30,
    "errorCount" : 0,
    "errorPct" : 0.0,
    "meanResTime" : 907.1333333333334,
    "medianResTime" : 869.0,
    "minResTime" : 836.0,
    "maxResTime" : 1292.0,
    "pct1ResTime" : 1096.8000000000004,
    "pct2ResTime" : 1240.85,
    "pct3ResTime" : 1292.0,
    "throughput" : 0.5093811019611172,
    "receivedKBytesPerSec" : 0.38999490618898036,
    "sentKBytesPerSec" : 0.07660614228712115
  }
}