{
  "Delete Users" : {
    "transaction" : "Delete Users",
    "sampleCount" : 30,
    "errorCount" : 0,
    "errorPct" : 0.0,
    "meanResTime" : 218.03333333333333,
    "medianResTime" : 217.0,
    "minResTime" : 196.0,
    "maxResTime" : 307.0,
    "pct1ResTime" : 228.0,
    "pct2ResTime" : 266.29999999999995,
    "pct3ResTime" : 307.0,
    "throughput" : 0.5183495749533485,
    "receivedKBytesPerSec" : 0.15722595505909187,
    "sentKBytesPerSec" : 0.07906855821065727
  },
  "Total" : {
    "transaction" : "Total",
    "sampleCount" : 90,
    "errorCount" : 0,
    "errorPct" : 0.0,
    "meanResTime" : 457.65555555555557,
    "medianResTime" : 221.5,
    "minResTime" : 196.0,
    "maxResTime" : 1432.0,
    "pct1ResTime" : 907.0,
    "pct2ResTime" : 1001.4500000000003,
    "pct3ResTime" : 1432.0,
    "throughput" : 1.5177065767284992,
    "receivedKBytesPerSec" : 0.6942321880269815,
    "sentKBytesPerSec" : 0.23042263912310287
  },
  "Get User by ID" : {
    "transaction" : "Get User by ID",
    "sampleCount" : 30,
    "errorCount" : 0,
    "errorPct" : 0.0,
    "meanResTime" : 224.20000000000002,
    "medianResTime" : 219.0,
    "minResTime" : 203.0,
    "maxResTime" : 337.0,
    "pct1ResTime" : 254.10000000000005,
    "pct2ResTime" : 320.5,
    "pct3ResTime" : 337.0,
    "throughput" : 0.5182600283315483,
    "receivedKBytesPerSec" : 0.15719879374978404,
    "sentKBytesPerSec" : 0.0790548988529178
  },
  "Get Users" : {
    "transaction" : "Get Users",
    "sampleCount" : 30,
    "errorCount" : 0,
    "errorPct" : 0.0,
    "meanResTime" : 930.7333333333332,
    "medianResTime" : 882.5,
    "minResTime" : 827.0,
    "maxResTime" : 1432.0,
    "pct1ResTime" : 1183.0000000000002,
    "pct2ResTime" : 1388.0,
    "pct3ResTime" : 1432.0,
    "throughput" : 0.5097359567743908,
    "receivedKBytesPerSec" : 0.39026659190539303,
    "sentKBytesPerSec" : 0.07665950912427363
  }
}